name,price,link
River Rock Single Malt,35.00,https://www.whiskyshop.com/river-rock-single-malt
Benriach Tasting Triple Pack ,16.00,https://www.whiskyshop.com/benriach-tasting-pack
Benriach 12 Year Old Tasting Set,16.00,https://www.whiskyshop.com/benriach-12-year-old-tasting-set
Benriach 10 Year Old Tasting Set,10.00,https://www.whiskyshop.com/benriach-10-year-old-tasting-set
Tobermory 2007 Sherry Finish ,110.00,https://www.whiskyshop.com/tobermory-2007-sherry-finish
Cask Treasure Glen Moray 12 Year Old 2008,65.00,https://www.whiskyshop.com/cask-treasure-glen-moray-12-year-old-2008
Daftmill Summer Release Batch 2010,sold out,https://www.whiskyshop.com/daftmill-summer-release-batch-2010
Murray McDavid Linkwood 2008 13 Year Old ,105.00,https://www.whiskyshop.com/murray-mcdavid-linkwood-2008-13-year-old
The Singleton of Glen Ord 39 Year Old ,"2,295.00",https://www.whiskyshop.com/the-singleton-of-dufftown-39-year-old
BenRiach 30 Year Old ,650.00,https://www.whiskyshop.com/benriach-30-year-old
Glenlivet 80 Year Old Generations,"100,000.00",https://www.whiskyshop.com/glenlivet-80-year-old-generations
Character of Islay Premium Tasting Set 2021 Edition ,54.95,https://www.whiskyshop.com/character-of-islay-premium-tasting-set-5x3cl
The Octave Ardmore 2010 11 Year Old,115.00,https://www.whiskyshop.com/the-octave-ardmore-2010-11-year-old
The Octave Dalmunach 2016 5 Year Old,67.00,https://www.whiskyshop.com/the-octave-dalmunach-2016
Lindores Abbey The Casks of Lindores Bourbon,55.00,https://www.whiskyshop.com/lindores-abbey-the-casks-of-lindores-bourbon
Bunnahabhain 12 Year Old Cask Strength ,75.00,https://www.whiskyshop.com/bunnahabhain-12-year-old-cask-strength
Caol Ila 175th Anniversary 24 Year Old,sold out,https://www.whiskyshop.com/caol-ila-175th-anniversary-24-year-old
Johnnie Walker Blue Label Chinese New Year 2022 Year of the Tiger,195.00,https://www.whiskyshop.com/johnnie-walker-blue-label-chinese-new-year-2022-year-of-the-tiger
Macallan 18 Year Old Double Cask 2021,260.00,https://www.whiskyshop.com/macallan-18-year-old-double-cask-2021
The Octave Glengarioch 2012 9 Year Old ,99.00,https://www.whiskyshop.com/the-octave-glengarioch-2012-9-year-old
Fettercairn 16 Year Old 2nd Release 2021,69.99,https://www.whiskyshop.com/fettercairn-16-year-old-2nd-release
Glenfiddich 21 Year Old Chinese New Year Edition 2022,165.00,https://www.whiskyshop.com/glenfiddich-21-year-old-chinese-new-year-edition-2021
Lochlea First Fill Single Malt ,sold out,https://www.whiskyshop.com/lochlea-first-fill-single-malt
Nc'Nean Quiet Rebels Annabel ,sold out,https://www.whiskyshop.com/nc-nean-quiet-rebels-annabel
Ardnamurchan Single Malt AD 10.21:06 ,sold out,https://www.whiskyshop.com/ardnamurchan-single-malt-ad-10-21-06
